id,smiles,target_property
mol_0,OCC3OC(OCC2OC(OC(C#N)c1ccccc1)C(O)C(O)C2O)C(O)C(O)C3O ,-0.77
mol_1,Cc1occc1C(=O)Nc2ccccc2,-3.3
mol_2,CC(C)=CCCC(C)=CC(=O),-2.06
mol_3,c1ccc2c(c1)ccc3c2ccc4c5ccccc5ccc43,-7.87
mol_4,c1ccsc1,-1.33
mol_5,c2ccc1scnc1c2 ,-1.5
mol_6,Clc1cc(Cl)c(c(Cl)c1)c2c(Cl)cccc2Cl,-7.32
mol_7,CC12CCC3C(CCc4cc(O)ccc34)C2CCC1O,-5.03
mol_8,ClC4=C(Cl)C5(Cl)C3C1CC(C2OC12)C3C4(Cl)C5(Cl)Cl,-6.29
mol_9,COc5cc4OCC3Oc2c1CC(Oc1ccc2C(=O)C3c4cc5OC)C(C)=C ,-4.42
mol_10,O=C1CCCN1,1.07
mol_11,Clc1ccc2ccccc2c1,-4.14
mol_12,CCCC=C,-2.68
mol_13,CCC1(C(=O)NCNC1=O)c2ccccc2,-2.64
mol_14,CCCCCCCCCCCCCC,-7.96
mol_15,CC(C)Cl,-1.41
mol_16,CCC(C)CO,-0.47
mol_17,N#Cc1ccccc1,-1.0
mol_18,CCOP(=S)(OCC)Oc1cc(C)nc(n1)C(C)C,-3.64
mol_19,CCCCCCCCCC(C)O,-2.94
mol_20,Clc1ccc(c(Cl)c1)c2c(Cl)ccc(Cl)c2Cl ,-7.43
mol_21,O=c2[nH]c1CCCc1c(=O)n2C3CCCCC3,-4.593999999999999
mol_22,CCOP(=S)(OCC)SCSCC,-4.11
mol_23,CCOc1ccc(NC(=O)C)cc1,-2.35
mol_24,CCN(CC)c1c(cc(c(N)c1N(=O)=O)C(F)(F)F)N(=O)=O,-5.47
mol_25,CCCCCCCO,-1.81
mol_26,Cn1c(=O)n(C)c2nc[nH]c2c1=O,-1.39
mol_27,CCCCC1(CC)C(=O)NC(=O)NC1=O,-1.661
mol_28,ClC(Cl)=C(c1ccc(Cl)cc1)c2ccc(Cl)cc2,-6.9
mol_29,CCCCCCCC(=O)OC,-3.17
mol_30,CCc1ccc(CC)cc1,-3.75
mol_31,CCOP(=S)(OCC)SCSC(C)(C)C,-4.755
mol_32,COC(=O)Nc1cccc(OC(=O)Nc2cccc(C)c2)c1,-4.805
mol_33,ClC(=C)Cl,-1.64
mol_34,Cc1cccc2c1Cc3ccccc32,-5.22
mol_35,CCCCC=O,-0.85
mol_36,N(c1ccccc1)c2ccccc2,-3.504
mol_37,CN(C)C(=O)SCCCCOc1ccccc1,-3.927
mol_38,CCCOP(=S)(OCCC)SCC(=O)N1CCCCC1C,-4.15
mol_39,CCCCCCCI,-4.81
mol_40,c1c(Cl)cccc1c2ccccc2,-4.88
mol_41,OCCCC=C,-0.15
mol_42,O=C2NC(=O)C1(CCC1)C(=O)N2,-1.655
mol_43,CC(C)C1CCC(C)CC1O ,-2.53
mol_44,CC(C)OC=O,-0.63
mol_45,CCCCCC(C)O,-1.55
mol_46,CC(=O)Nc1ccc(Br)cc1,-3.083
mol_47,c1ccccc1n2ncc(N)c(Br)c2(=O),-3.127
mol_48,COC(=O)C1=C(C)NC(=C(C1c2ccccc2N(=O)=O)C(=O)OC)C ,-4.76
mol_49,c2c(C)cc1nc(C)ccc1c2 ,-1.94
mol_50,CCCCCCC#C,-3.66
mol_51,CCC1(C(=O)NC(=O)NC1=O)C2=CCCCC2 ,-2.17
mol_52,c1ccc2c(c1)ccc3c4ccccc4ccc23,-8.057
mol_53,CCC(C)n1c(=O)[nH]c(C)c(Br)c1=O ,-2.523
mol_54,Clc1cccc(c1Cl)c2c(Cl)c(Cl)cc(Cl)c2Cl ,-8.6
mol_55,Cc1ccccc1O,-0.62
mol_56,CC(C)CCC(C)(C)C,-5.05
mol_57,Cc1ccc(C)c2ccccc12,-4.14
mol_58,Cc1cc2c3ccccc3ccc2c4ccccc14,-6.57
mol_59,CCCC(=O)C,-0.19
mol_60,Clc1cc(Cl)c(Cl)c(c1Cl)c2c(Cl)c(Cl)cc(Cl)c2Cl ,-9.15
mol_61,CCCOC(=O)CC,-0.82
mol_62,CC34CC(O)C1(F)C(CCC2=CC(=O)C=CC12C)C3CC(O)C4(O)C(=O)CO,-3.68
mol_63,Nc1ccc(O)cc1,-0.8
mol_64,O=C(Cn1ccnc1N(=O)=O)NCc2ccccc2,-2.81
mol_65,OC4=C(C1CCC(CC1)c2ccc(Cl)cc2)C(=O)c3ccccc3C4=O,-5.931
mol_66,CCNc1nc(Cl)nc(n1)N(CC)CC,-4.06
mol_67,NC(=O)c1cnccn1,-0.667
mol_68,CCC(Br)(CC)C(=O)NC(N)=O,-2.68
mol_69,Clc1ccccc1c2ccccc2Cl ,-5.27
mol_70,O=C2CN(N=Cc1ccc(o1)N(=O)=O)C(=O)N2 ,-3.38
mol_71,Clc2ccc(Oc1ccc(cc1)N(=O)=O)c(Cl)c2,-5.46
mol_72,CC1(C)C2CCC1(C)C(=O)C2,-1.96
mol_73,O=C1NC(=O)NC(=O)C1(CC=C)c1ccccc1,-2.369
mol_74,CCCCC(=O)OCC,-2.25
mol_75,CC(C)CCOC(=O)C,-1.92
mol_76,O=C1N(COC(=O)CCCCC)C(=O)C(N1)(c2ccccc2)c3ccccc3,-5.886
mol_77,Clc1cccc(c1)c2cc(Cl)ccc2Cl ,-6.01
mol_78,CCCBr,-1.73
mol_79,CCCC1COC(Cn2cncn2)(O1)c3ccc(Cl)cc3Cl,-3.4930000000000003
mol_80,COP(=S)(OC)SCC(=O)N(C)C=O,-1.995
mol_81,Cc1ncnc2nccnc12,-0.466
mol_82,NC(=S)N,0.32
mol_83,Cc1ccc(C)cc1,-2.77
mol_84,CCc1ccccc1CC,-3.28
mol_85,ClC(Cl)(Cl)C(Cl)(Cl)Cl,-3.67
mol_86,CC(C)C(C(=O)OC(C#N)c1cccc(Oc2ccccc2)c1)c3ccc(OC(F)F)cc3,-6.876
mol_87,CCCN(=O)=O,-0.8
mol_88,CC(C)C1CCC(C)CC1=O,-2.35
mol_89,CCN2c1cc(Cl)ccc1NC(=O)c3cccnc23 ,-5.36
mol_90,O=N(=O)c1c(Cl)c(Cl)ccc1,-3.48
mol_91,CCCC(C)C1(CC=C)C(=O)NC(=S)NC1=O ,-3.46
mol_92,c1ccc2c(c1)c3cccc4cccc2c34,-6.0
mol_93,CCCOC(C)C,-1.34
mol_94,Cc1cc(C)c2ccccc2c1,-4.29
mol_95,CCC(=C(CC)c1ccc(O)cc1)c2ccc(O)cc2 ,-4.07
mol_96,c1(C#N)c(Cl)c(C#N)c(Cl)c(Cl)c(Cl)1,-5.64
mol_97,Clc1ccc(Cl)c(c1)c2ccc(Cl)c(Cl)c2,-7.25
mol_98,C1OC1c2ccccc2 ,-1.6
mol_99,CC(C)c1ccccc1,-3.27
mol_100,CC12CCC3C(CCC4=CC(=O)CCC34C)C2CCC1C(=O)CO,-3.45
mol_101,c2(Cl)c(Cl)c(Cl)c1nccnc1c2(Cl) ,-5.43
mol_102,C1OC(O)C(O)C(O)C1O,0.39
mol_103,ClCCl,-0.63
mol_104,CCc1cccc2ccccc12,-4.17
mol_105,COC=O,0.58
mol_106,Oc1ccccc1N(=O)=O,-1.74
mol_107,Cc1c[nH]c(=O)[nH]c1=O ,-1.506
mol_108,CC(C)C,-2.55
mol_109,OCC1OC(C(O)C1O)n2cnc3c(O)ncnc23,-1.23
mol_110,Oc1c(I)cc(C#N)cc1I,-3.61
mol_111,Oc1ccc(Cl)cc1C(=O)Nc2ccc(cc2Cl)N(=O)=O,-4.7
mol_112,CCCCC,-3.18
mol_113,c1ccccc1O,0.0
mol_114,Nc3ccc2cc1ccccc1cc2c3 ,-5.17
mol_115,Cn1cnc2n(C)c(=O)[nH]c(=O)c12 ,-2.523
mol_116,c1ccc2cnccc2c1,-1.45
mol_117,COP(=S)(OC)SCC(=O)N(C(C)C)c1ccc(Cl)cc1,-4.432
mol_118,CCCCCCc1ccccc1,-5.21
mol_119,Clc1ccccc1c2ccccc2,-4.54
mol_120,CCCC(=C)C,-3.03
mol_121,CC(C)C(C)C(C)C,-4.8
mol_122,Clc1cc(Cl)c(Cl)c(Cl)c1Cl,-5.65
mol_123,Oc1cccc(c1)N(=O)=O,-1.01
mol_124,CCCCCCCCC=C,-5.51
mol_125,CC(=O)OCC(COC(=O)C)OC(=O)C,-0.6
mol_126,CCCCc1c(C)nc(nc1O)N(C)C ,-2.24
mol_127,CC1(C)C(C=C(Cl)Cl)C1C(=O)OC(C#N)c2ccc(F)c(Oc3ccccc3)c2,-7.337000000000001
mol_128,c1ccncc1,0.76
mol_129,CCCCCCCBr,-4.43
mol_130,Cc1ccncc1C,0.36
mol_131,CC34CC(O)C1(F)C(CCC2=CC(=O)CCC12C)C3CCC4(O)C(=O)CO ,-3.43
mol_132,CCSCc1ccccc1OC(=O)NC ,-2.09
mol_133,CCOC(=O)CC(=O)OCC,-0.82
mol_134,CC1=CCC(CC1)C(C)=C,-4.26
mol_135,C1Cc2ccccc2C1,-3.04
mol_136,CC(C)(C)c1ccc(O)cc1,-2.41
mol_137,O=C2NC(=O)C1(CC1)C(=O)N2 ,-1.886
mol_138,Clc1cccc(I)c1,-3.55
mol_139,Brc1cccc2ccccc12,-4.35
mol_140,CC/C=C/C,-2.54
mol_141,Cc1cccc(C)n1,0.45
mol_142,ClC=C(Cl)Cl,-1.96
mol_143,Nc1cccc2ccccc12,-1.92
mol_144,Cc1cccc(C)c1,-2.82
mol_145,Oc2ncc1nccnc1n2,-1.947
mol_146,CO,1.57
mol_147,CCC1(CCC(C)C)C(=O)NC(=O)NC1=O,-2.468
mol_148,CCC(=O)C,0.52
mol_149,Fc1c[nH]c(=O)[nH]c1=O ,-1.077
mol_150,Nc1ncnc2n(ccc12)C3OC(CO)C(O)C3O ,-1.95
mol_151,Oc1cccc(O)c1,0.81
mol_152,CCCCCCO,-1.24
mol_153,CCCCCCl,-2.73
mol_154,C=CC=C,-1.87
mol_155,CCCOC(=O)C,-0.72
mol_156,Oc2ccc1CCCCc1c2 ,-1.99
mol_157,NC(=O)CCl ,-0.02
mol_158,COP(=S)(OC)Oc1cc(Cl)c(I)cc1Cl,-6.62
mol_159,Cc1ccc(Cl)cc1,-3.08
mol_160,CSc1nnc(c(=O)n1N)C(C)(C)C,-2.253
mol_161,Cc1ccc(OP(=O)(Oc2cccc(C)c2)Oc3ccccc3C)cc1,-6.01
mol_162,CCCCCC=O,-1.3
mol_163,CCCCOC(=O)c1ccc(N)cc1,-3.082
mol_164,O2c1cc(C)ccc1N(C)C(=O)c3cc(N)cnc23 ,-3.043
mol_165,CC(C)=CCC/C(C)=C\CO,-2.46
mol_166,Clc1ccc(cc1)c2ccccc2Cl ,-5.28
mol_167,O=C1N(COC(=O)CCCCCCC)C(=O)C(N1)(c2ccccc2)c3ccccc3,-6.523
mol_168,CCN(=O)=O,-0.22
mol_169,CCN(CC(C)=C)c1c(cc(cc1N(=O)=O)C(F)(F)F)N(=O)=O,-6.124
mol_170,Clc1ccc(Cl)c(Cl)c1Cl,-4.57
mol_171,CCCC(C)(COC(N)=O)COC(N)=O ,-1.807
mol_172,CC(=O)C3CCC4C2CC=C1CC(O)CCC1(C)C2CCC34C ,-4.65
mol_173,CI,-1.0
mol_174,CC1CC(C)C(=O)C(C1)C(O)CC2CC(=O)NC(=O)C2 ,-1.13
mol_175,O=C1N(COC(=O)CCCCCC)C(=O)C(N1)(c2ccccc2)c3ccccc3,-6.301
mol_176,CC1=CC(=O)CC(C)(C)C1 ,-1.06
mol_177,O=C1NC(=O)NC(=O)C1(CC)C(C)CC,-2.39
mol_178,CCCCC(=O)CCCC,-2.58
mol_179,CCC1(CCC(=O)NC1=O)c2ccccc2 ,-2.337
mol_180,CCC(C)CC,-3.68
mol_181,CCOc1ccc(cc1)C(C)(C)COCc3cccc(Oc2ccccc2)c3,-8.6
mol_182,Cc1ccccc1n3c(C)nc2ccccc2c3=O,-2.925
mol_183,ClCC#N,-0.092
mol_184,CCOP(=S)(CC)Oc1cc(Cl)c(Cl)cc1Cl,-5.752000000000001
mol_185,CC12CCC(=O)C=C1CCC3C2CCC4(C)C3CCC4(O)C#C ,-5.66
mol_186,c1ccnnc1,1.1
mol_187,Clc1cc(Cl)c(Cl)c(Cl)c1,-4.63
mol_188,C1C(O)CCC2(C)CC3CCC4(C)C5(C)CC6OCC(C)CC6OC5CC4C3C=C21,-7.32
mol_189,Nc1ccccc1O,-0.72
mol_190,CCCCCCCCC(=O)OCC,-3.8
mol_191,COCC(=O)N(C(C)C(=O)OC)c1c(C)cccc1C ,-1.601
mol_192,CNC(=O)Oc1ccccc1OC(C)C,-2.05
mol_193,CCC(C)Cl,-1.96
mol_194,Oc1ccc2ccccc2c1,-2.28
mol_195,CC(C)Oc1cc(c(Cl)cc1Cl)n2nc(oc2=O)C(C)(C)C,-5.696000000000001
mol_196,CCCCC#C,-2.36
mol_197,CCCCCCCC#C,-4.24
mol_198,Cc1ccccc1Cl,-3.52
mol_199,CC(C)OC(C)C,-1.1
mol_200,Nc1ccc(cc1)S(=O)(=O)c2ccc(N)cc2,-3.094
mol_201,CNN,1.34
mol_202,CC#C,-0.41
mol_203,CCOP(=S)(OCC)ON=C(C#N)c1ccccc1,-4.862
mol_204,CCNP(=S)(OC)OC(=CC(=O)OC(C)C)C,-3.408
mol_205,C=CC=O,0.57
mol_206,O=c1[nH]cnc2nc[nH]c12 ,-2.296
mol_207,Oc2ccc1ncccc1c2 ,-2.16
mol_208,Fc1ccccc1,-1.8
mol_209,CCCCl,-1.47
mol_210,CCOC(=O)C,-0.04
mol_211,CCCC(C)(C)C,-4.36
mol_212,Cc1cc(C)c(C)c(C)c1C,-4.0
mol_213,CC12CCC(CC1)C(C)(C)O2 ,-1.64
mol_214,CCCCOC(=O)CCCCCCCCC(=O)OCCCC,-3.896
mol_215,Clc1ccc(cc1)c2ccc(Cl)cc2 ,-6.56
mol_216,Cc1cccnc1C,0.38
mol_217,CC(=C)C1CC=C(C)C(=O)C1,-2.06
mol_218,CCOP(=S)(OCC)SCSc1ccc(Cl)cc1,-5.736000000000001
mol_219,COc1cc(cc(OC)c1O)C6C2C(COC2=O)C(OC4OC3COC(C)OC3C(O)C4O)c7cc5OCOc5cc67,-3.571
mol_220,c1cc2cccc3c4cccc5cccc(c(c1)c23)c54,-8.804
mol_221,Cc1ccc(cc1N(=O)=O)N(=O)=O,-2.82
mol_222,c1c(Br)ccc2ccccc12 ,-4.4
mol_223,CNC(=O)Oc1cccc(N=CN(C)C)c1,-2.34
mol_224,COc2cnc1ncncc1n2,-1.139
mol_225,Cc3ccnc4N(C1CC1)c2ncccc2C(=O)Nc34 ,-3.19
mol_226,CCOP(=S)(OCC)Oc1nc(Cl)n(n1)C(C)C,-3.658
mol_227,CC(=C)C=C,-2.03
mol_228,CC(C)=CCCC(O)(C)C=C,-1.99
mol_229,COP(=S)(OC)Oc1ccc(SC)c(C)c1,-4.57
mol_230,OC1CCCCC1,-0.44
mol_231,O=C1NC(=O)NC(=O)C1(C)CC=C,-1.16
mol_232,CC34CCC1C(CCC2CC(O)CCC12C)C3CCC4=O,-4.16
mol_233,OCC(O)C(O)C(O)C(O)CO ,0.06
mol_234,Cc1ccc(cc1)c2ccccc2,-4.62
mol_235,CCNc1nc(Cl)nc(NC(C)C)n1,-3.85
mol_236,NC(=S)Nc1ccccc1,-1.77
mol_237,CCCC(=O)CCC,-1.3
mol_238,CC(=O)C(C)(C)C,-0.72
mol_239,Oc1ccc(Cl)cc1,-0.7
mol_240,O=C1CCCCC1,-0.6
mol_241,Cc1cccc(N)c1,-0.85
mol_242,ClC(Cl)(Cl)C#N,-2.168
mol_243,CNc2cnn(c1cccc(c1)C(F)(F)F)c(=O)c2Cl,-4.046
mol_244,CCCCCCCCC(=O)C,-3.3
mol_245,CCN(CC)c1nc(Cl)nc(NC(C)C)n1,-3.785
mol_246,CCOC(=O)c1ccc(N)cc1,-2.616
mol_247,Clc1ccc(Cl)c(Cl)c1,-3.59
mol_248,Cc3nnc4CN=C(c1ccccc1Cl)c2cc(Cl)ccc2n34,-4.09
mol_249,Oc1ccccc1O,0.62
mol_250,CCN2c1ncccc1N(C)C(=O)c3cccnc23 ,-2.62
mol_251,CSC,-0.45
mol_252,Cc1ccccc1Br,-2.23
mol_253,CCOC(=O)N,0.85
mol_254,CC(=O)OC3(CCC4C2C=C(C)C1=CC(=O)CCC1(C)C2CCC34C)C(C)=O ,-5.35
mol_255,CC(C)C(O)C(C)C,-1.22
mol_256,c1ccc2ccccc2c1,-3.6
mol_257,CCNc1ccccc1,-1.7
mol_258,O=C1NC(=O)C(N1)(c2ccccc2)c3ccccc3,-4.097
mol_259,Cc1c2ccccc2c(C)c3ccc4ccccc4c13,-7.02
mol_260,CCOP(=S)(OCC)SC(CCl)N1C(=O)c2ccccc2C1=O,-6.34
mol_261,COc1ccc(cc1)C(c2ccc(OC)cc2)C(Cl)(Cl)Cl,-6.89
mol_262,Fc1cccc(F)c1C(=O)NC(=O)Nc2cc(Cl)c(F)c(Cl)c2F ,-7.28
mol_263,O=C1N(COC(=O)CCCC)C(=O)C(N1)(c2ccccc2)c3ccccc3,-4.678
mol_264,CN(C)C(=O)Nc1ccc(Cl)cc1,-2.89
mol_265,OC(Cn1cncn1)(c2ccc(F)cc2)c3ccccc3F,-3.37
mol_266,CC(=O)OCC(=O)C3(O)C(CC4C2CCC1=CC(=O)C=CC1(C)C2(F)C(O)CC34C)OC(C)=O ,-4.13
mol_267,CCCCBr,-2.37
mol_268,Brc1cc(Br)c(Br)cc1Br,-6.98
mol_269,CC(C)CC(=O)C,-0.74
mol_270,CCSC(=O)N(CC)C1CCCCC1 ,-3.4
mol_271,COc1ccc(Cl)cc1,-2.78
mol_272,CC1(C)C(C=C(Br)Br)C1C(=O)OC(C#N)c2cccc(Oc3ccccc3)c2,-8.402000000000001
mol_273,CCC(C)C1(CC=C)C(=O)NC(=O)NC1=O,-2.016
mol_274,COP(=S)(OC)Oc1ccc(N(=O)=O)c(C)c1,-4.04
mol_275,Ic1cccc2ccccc12,-4.55
mol_276,OCC(O)C(O)C(O)C(O)CO,1.09
mol_277,CCS,-0.6
mol_278,ClCC(Cl)Cl,-1.48
mol_279,CN(C)C(=O)Oc1cc(C)nn1c2ccccc2,-2.09
mol_280,NC(=O)c1ccccc1O,-1.82
mol_281,Cc1ccccc1N(=O)=O,-2.33
mol_282,O=C1NC(=O)NC(=O)C1(C(C)C)C(C)C,-2.766
mol_283,CCc1ccccc1C,-3.21
mol_284,CCCCCCCCl,-4.0
mol_285,O=C1NC(=O)NC(=O)C1(CC)CC,-2.4
mol_286,C(Cc1ccccc1)c2ccccc2,-4.62
mol_287,ClC(Cl)C(Cl)Cl,-1.74
mol_288,CCN2c1cc(OC)cc(C)c1NC(=O)c3cccnc23 ,-5.153
mol_289,Cc1ccc2c(ccc3ccccc32)c1,-5.84
mol_290,CCCCOC(=O)c1ccccc1C(=O)OCCCC ,-4.4
mol_291,COc1c(O)c(Cl)c(Cl)c(Cl)c1Cl ,-4.02
mol_292,CCN(CC)C(=O)C(=CCOP(=O)(OC)OC)Cl,0.523
mol_293,CC34CCC1C(=CCc2cc(O)ccc12)C3CCC4=O,-5.282
mol_294,CCOC(=O)c1ccccc1S(=O)(=O)NN(C=O)c2nc(Cl)cc(OC)n2,-4.5760000000000005
mol_295,COc1ccc(cc1)N(=O)=O,-2.41
mol_296,CCCCCCCl,-3.12
mol_297,Clc1cc(c(Cl)c(Cl)c1Cl)c2cc(Cl)c(Cl)c(Cl)c2Cl,-9.16
mol_298,OCC1OC(CO)(OC2OC(COC3OC(CO)C(O)C(O)C3O)C(O)C(O)C2O)C(O)C1O,-0.41
mol_299,CCCCCCCCCCCCCCCCCCCCCCCCCC,-8.334
mol_300,CCN2c1ccccc1N(C)C(=O)c3cccnc23 ,-3.324
mol_301,CC(Cl)Cl,-1.29
mol_302,Nc1ccc(cc1)S(N)(=O)=O,-1.34
mol_303,CCCN(CCC)c1c(cc(cc1N(=O)=O)C(C)C)N(=O)=O,-6.49
mol_304,ClC1C(Cl)C(Cl)C(Cl)C(Cl)C1Cl,-4.64
mol_305,CCOP(=S)(NC(C)C)Oc1ccccc1C(=O)OC(C)C,-4.194
mol_306,Clc1cccc(Cl)c1Cl,-4.0
mol_307,ClC(Cl)(Cl)Cl,-2.31
mol_308,O=N(=O)c1cc(Cl)c(Cl)cc1,-3.2
mol_309,OC1CCCCCCC1,-1.29
mol_310,CC1(O)CCC2C3CCC4=CC(=O)CCC4(C)C3CCC21C,-3.999
mol_311,CCOc1ccc(NC(N)=O)cc1,-2.17
mol_312,C/C1CCC(\C)CC1,-4.47
mol_313,c1cnc2c(c1)ccc3ncccc23,-2.68
mol_314,COC(C)(C)C,-0.24
mol_315,COc1ccc(C=CC)cc1,-3.13
mol_316,CCCCCCCCCCCCCCCCO,-7.0
mol_317,O=c1cc[nH]c(=O)[nH]1 ,-1.4880000000000002
mol_318,Nc1ncnc2nc[nH]c12 ,-2.12
mol_319,Clc1cc(Cl)c(cc1Cl)c2cccc(Cl)c2Cl ,-7.21
mol_320,COc1ccc(cc1)C(O)(C2CC2)c3cncnc3 ,-2.596
mol_321,c1ccc2c(c1)c3cccc4c3c2cc5ccccc54,-8.23
mol_322,O=C(Nc1ccccc1)Nc2ccccc2,-3.15
mol_323,CCC1(C(=O)NC(=O)NC1=O)c2ccccc2 ,-2.322
mol_324,Clc1ccc(cc1)c2cccc(Cl)c2Cl ,-6.29
mol_325,CC(C)c1ccc(NC(=O)N(C)C)cc1,-3.536
mol_326,CCN(CC)C(=O)CSc1ccc(Cl)nn1,-1.716
mol_327,CCC(C)(C)CO,-1.04
mol_328,CCCOC(=O)CCC,-1.75
mol_329,Cc1c(cc(cc1N(=O)=O)N(=O)=O)N(=O)=O,-3.22
mol_330,CC(C)OP(=S)(OC(C)C)SCCNS(=O)(=O)c1ccccc1,-4.2
mol_331,C1CCCCCC1,-3.51
mol_332,CCCOC=O,-0.49
mol_333,CC(C)c1ccccc1C,-3.76
mol_334,Nc1cccc(Cl)c1,-1.37
mol_335,CC(C)CC(C)C,-4.26
mol_336,o1c2ccccc2c3ccccc13,-4.6
mol_337,CCOC2Oc1ccc(OS(C)(=O)=O)cc1C2(C)C,-3.42
mol_338,CN(C)C(=O)Nc1cccc(c1)C(F)(F)F,-3.43
mol_339,c3ccc2nc1ccccc1cc2c3,-3.67
mol_340,CC12CC(=O)C3C(CCC4=CC(=O)CCC34C)C2CCC1(O)C(=O)CO,-3.11
mol_341,OCC1OC(O)C(O)C(O)C1O,0.74
mol_342,Cc1cccc(O)c1,-0.68
mol_343,CC2Cc1ccccc1N2NC(=O)c3ccc(Cl)c(c3)S(N)(=O)=O ,-3.5860000000000003
mol_344,CCC(C)C(=O)OC2CC(C)C=C3C=CC(C)C(CCC1CC(O)CC(=O)O1)C23 ,-6.005
mol_345,O=N(=O)c1ccc(cc1)N(=O)=O,-3.39
mol_346,CCC1(C(=O)NC(=O)NC1=O)C2=CCC3CCC2C3,-2.696
mol_347,CCCCCCCCCC(=O)OCC,-4.1
mol_348,CN(C)C(=O)Nc1ccccc1,-1.6
mol_349,CCCOCC,-0.66
mol_350,CC(C)O,0.43
mol_351,Cc1ccc2ccccc2c1,-3.77
mol_352,ClC(Br)Br,-1.9
mol_353,CCC(C(CC)c1ccc(O)cc1)c2ccc(O)cc2,-4.43
mol_354,CCOC(=O)CC(SP(=S)(OC)OC)C(=O)OCC,-3.37
mol_355,ClCc1ccccc1,-2.39
mol_356,C/C=C/C=O,0.32
mol_357,CON(C)C(=O)Nc1ccc(Br)c(Cl)c1,-3.924
mol_358,Cc1c2ccccc2c(C)c3ccccc13,-6.57
mol_359,CCCCCC(=O)OC,-1.87
mol_360,CN(C)C(=O)Nc1ccc(c(Cl)c1)n2nc(oc2=O)C(C)(C)C,-4.328
mol_361,CC(=O)Nc1ccc(F)cc1,-1.78
mol_362,CCc1cccc(CC)c1N(COC)C(=O)CCl ,-3.26
mol_363,C1CCC=CC1,-2.59
mol_364,CC12CC(O)C3C(CCC4=CC(=O)CCC34C)C2CCC1(O)C(=O)CO,-3.09
mol_365,c1cncnc1,1.1
mol_366,Clc1ccc(cc1)N(=O)=O,-2.92
mol_367,CCC(=O)OC,-0.14
mol_368,Clc1ccccc1N(=O)=O,-2.55
mol_369,CCCCN(C)C(=O)Nc1ccc(Cl)c(Cl)c1,-4.77
mol_370,CN1CC(O)N(C1=O)c2nnc(s2)C(C)(C)C,-1.877
mol_371,O=N(=O)c1ccccc1,-1.8
mol_372,Ic1ccccc1,-3.01
mol_373,CC2Nc1cc(Cl)c(cc1C(=O)N2c3ccccc3C)S(N)(=O)=O ,-3.78
mol_374,COc1ccccc1OCC(O)COC(N)=O,-0.985
mol_375,CCCCOCN(C(=O)CCl)c1c(CC)cccc1CC ,-4.19
mol_376,Oc1cccc(Cl)c1Cl,-1.3
mol_377,CCCC(=O)OC,-1.92
mol_378,CCC(=O)Nc1ccc(Cl)c(Cl)c1,-3.0
mol_379,Nc3nc(N)c2nc(c1ccccc1)c(N)nc2n3,-2.404
mol_380,CCCCCC(=O)OCC,-2.35
mol_381,OCC(O)C2OC1OC(OC1C2O)C(Cl)(Cl)Cl ,-1.84
mol_382,CN(C=Nc1ccc(C)cc1C)C=Nc2ccc(C)cc2C,-5.47
mol_383,COc1nc(NC(C)C)nc(NC(C)C)n1,-2.478
mol_384,CCCCCCC=C,-4.44
mol_385,Cc1ccc(N)cc1,-1.21
mol_386,Nc1nccs1 ,-0.36
mol_387,c1ccccc1(OC(=O)NC),-1.803
mol_388,CCCC(O)CC,-0.8
mol_389,c3ccc2c(O)c1ccccc1cc2c3 ,-4.73
mol_390,Cc1ccc2cc3ccccc3cc2c1,-6.96
mol_391,Cc1cccc(C)c1C,-3.2
mol_392,CNC(=O)Oc1ccc(N(C)C)c(C)c1,-2.36
mol_393,CCCCCCCC(C)O,-2.74
mol_394,CN(C(=O)NC(C)(C)c1ccccc1)c2ccccc2,-3.35
mol_395,CCCC(=O)CC,-0.83
mol_396,Oc1c(Br)cc(C#N)cc1Br ,-3.33
mol_397,Clc1ccc(cc1Cl)c2ccccc2 ,-6.39
mol_398,CN(C(=O)COc1nc2ccccc2s1)c3ccccc3,-4.873
mol_399,Oc1cccc2ncccc12 ,-2.54
mol_400,CC1=C(SCCO1)C(=O)Nc2ccccc2,-3.14
mol_401,CCOc2ccc1nc(sc1c2)S(N)(=O)=O ,-3.81
mol_402,Oc1c(Cl)c(Cl)c(Cl)c(Cl)c1Cl,-4.28
mol_403,ClCBr,-0.89
mol_404,CCC1(CC)C(=O)NC(=O)N(C)C1=O ,-2.23
mol_405,CC(=O)OCC(=O)C3CCC4C2CCC1=CC(=O)CCC1(C)C2CCC34C ,-4.63
mol_406,NC(=O)NCc1ccccc1 ,-0.95
mol_407,CN(C)C(=O)Nc1ccc(C)c(Cl)c1,-3.483
mol_408,CON(C)C(=O)Nc1ccc(Cl)c(Cl)c1,-3.592
mol_409,OC1CCCCCC1,-0.88
mol_410,CS(=O)(=O)c1ccc(cc1)C(O)C(CO)NC(=O)C(Cl)Cl ,-2.154
mol_411,CCCC(C)C1(CC)C(=O)NC(=S)NC1=O ,-3.36
mol_412,CC(=O)Nc1nnc(s1)S(N)(=O)=O ,-2.36
mol_413,Oc1ccc(cc1)N(=O)=O,-0.74
mol_414,ClC1=C(Cl)C2(Cl)C3C4CC(C=C4)C3C1(Cl)C2(Cl)Cl,-6.307
mol_415,C1CCOC1,0.49
mol_416,Nc1ccccc1N(=O)=O,-1.96
mol_417,Clc1cccc(c1Cl)c2cccc(Cl)c2Cl,-7.28
mol_418,CCCCC1C(=O)N(N(C1=O)c2ccccc2)c3ccccc3 ,-3.81
mol_419,Cc1c(cccc1N(=O)=O)N(=O)=O,-3.0
mol_420,CC(=O)C1CCC2C3CCC4=CC(=O)CCC4(C)C3CCC12C,-4.42
mol_421,CCN(CC)c1nc(Cl)nc(n1)N(CC)CC,-4.4110000000000005
mol_422,ClC(Cl)C(Cl)(Cl)SN2C(=O)C1CC=CCC1C2=O ,-5.4
mol_423,c1(Br)c(Br)cc(Br)cc1,-4.5
mol_424,OC3N=C(c1ccccc1)c2cc(Cl)ccc2NC3=O ,-3.952
mol_425,O=C1NC(=O)NC(=O)C1(C(C)CCC)CC=C,-2.356
mol_426,c1(O)c(C)ccc(C(C)C)c1,-2.08
mol_427,C1SC(=S)NC1(=O),-1.77
mol_428,Oc1ccc(c(O)c1)c3oc2cc(O)cc(O)c2c(=O)c3O ,-3.083
mol_429,ClC1(C(=O)C2(Cl)C3(Cl)C14Cl)C5(Cl)C2(Cl)C3(Cl)C(Cl)(Cl)C45Cl,-5.259
mol_430,CCN(CC)C(=S)SSC(=S)N(CC)CC,-4.86
mol_431,C1CCCCC1,-3.1
mol_432,ClC1=C(Cl)C(Cl)(C(=C1Cl)Cl)C2(Cl)C(=C(Cl)C(=C2Cl)Cl)Cl,-7.278
mol_433,CN(C)C=Nc1ccc(Cl)cc1C,-2.86
mol_434,CC34CCc1c(ccc2cc(O)ccc12)C3CCC4=O,-5.24
mol_435,CCCCCCCCO,-2.39
mol_436,CCSCC,-1.34
mol_437,ClCCCl,-1.06
mol_438,CCC(C)(C)Cl,-2.51
mol_439,ClCCBr,-1.32
mol_440,Nc1ccc(cc1)N(=O)=O,-2.37
mol_441,OCC1OC(OC2C(O)C(O)C(O)OC2CO)C(O)C(O)C1O,-0.244
mol_442,CCN2c1ncccc1N(CC)C(=O)c3cccnc23 ,-2.86
mol_443,Clc1ccccc1,-2.38
mol_444,CCCCCCCC=C,-5.05
mol_445,Brc1ccc(I)cc1,-4.56
mol_446,CCC(C)(O)CC,-0.36
mol_447,CCCCCc1ccccc1,-4.64
mol_448,NC(=O)NC1NC(=O)NC1=O ,-1.6
mol_449,OCC(O)COC(=O)c1ccccc1Nc2ccnc3cc(Cl)ccc23,-4.571000000000001
mol_450,ClC(Cl)C(c1ccc(Cl)cc1)c2ccc(Cl)cc2,-7.2
mol_451,CC(=O)OC3CCC4C2CCC1=CC(=O)CCC1(C)C2CCC34C ,-5.184
mol_452,Clc1cccc2ccccc12,-3.93
mol_453,CCN2c1ccccc1N(C)C(=O)c3ccccc23 ,-4.749
mol_454,CCCCC(C)O,-0.89
mol_455,CCCC1CCCC1,-4.74
mol_456,CCOC(=O)c1cncn1C(C)c2ccccc2,-4.735
mol_457,Oc1ccc(Cl)c(Cl)c1,-1.25
mol_458,CC1(C)C(C=C(Cl)Cl)C1C(=O)OC(C#N)c2cccc(Oc3ccccc3)c2,-8.017000000000001
mol_459,c2ccc1ocnc1c2,-1.16
mol_460,CCCCCO,-0.6
mol_461,CCN(CC)c1ccccc1,-3.03
mol_462,Fc1cccc(F)c1,-2.0
mol_463,ClCCC#N ,-0.29
mol_464,CC(C)(C)Cc1ccccc1,-4.15
mol_465,O=C1NC(=O)NC(=O)C1(CC)c1ccccc1,-2.322
mol_466,Clc1ccccc1I,-3.54
mol_467,c2ccc1[nH]nnc1c2,-0.78
mol_468,CNC(=O)Oc1cccc2CC(C)(C)Oc12,-2.8
mol_469,Cc1cccc(C)c1O,-1.29
mol_470,CC(C)C(C)O,-0.18
mol_471,c1ccccc1C(O)c2ccccc2,-2.55
mol_472,CCCCCCCCCC(=O)OC,-4.69
mol_473,COP(=S)(OC)Oc1ccc(cc1Cl)N(=O)=O,-4.31
mol_474,CC(C)CBr,-2.43
mol_475,CCI,-1.6
mol_476,CN(C)C(=O)Oc1nc(nc(C)c1C)N(C)C,-1.95
mol_477,CCCCCCBr,-3.81
mol_478,CCCC(C)C,-3.74
mol_479,Cc1c(F)c(F)c(COC(=O)C2C(C=C(Cl)C(F)(F)F)C2(C)C)c(F)c1F,-7.321000000000001
mol_480,CCc1cccc(C)c1N(C(C)COC)C(=O)CCl ,-2.73
mol_481,ON=Cc1ccc(o1)N(=O)=O ,-2.19
mol_482,CC(C)C(Nc1ccc(cc1Cl)C(F)(F)F)C(=O)OC(C#N)c2cccc(Oc3ccccc3)c2,-8.003
mol_483,Nc1nc[nH]n1,0.522
mol_484,BrC(Br)Br,-1.91
mol_485,COP(=O)(OC)C(O)C(Cl)(Cl)Cl,-0.22
mol_486,CCOP(=S)(OCC)SCn1c(=O)oc2cc(Cl)ccc12,-5.233
mol_487,OCc1ccccc1,-0.4
mol_488,O=c2c(C3CCCc4ccccc43)c(O)c1ccccc1o2 ,-2.84
mol_489,Oc1ccc(Br)cc1,-1.09
mol_490,CC(C)Br,-1.59
mol_491,CC(C)CC(C)(C)C,-4.74
mol_492,O=N(=O)c1cc(cc(c1)N(=O)=O)N(=O)=O,-2.89
mol_493,CN2C(=O)CN=C(c1ccccc1)c3cc(ccc23)N(=O)=O,-3.796
mol_494,CCC,-1.94
mol_495,Nc1cc(nc(N)n1=O)N2CCCCC2 ,-1.989
mol_496,Nc2cccc3nc1ccccc1cc23 ,-4.22
mol_497,c1ccc2cc3c4cccc5cccc(c3cc2c1)c45,-8.49
mol_498,OC(c1ccc(Cl)cc1)(c2ccc(Cl)cc2)C(Cl)(Cl)Cl,-5.666
mol_499,C1Cc2cccc3cccc1c23,-4.63
mol_500,CCOP(=S)(OCC)SC(CCl)N2C(=O)c1ccccc1C2=O,-6.34
mol_501,Brc1ccc(Br)cc1,-4.07
mol_502,Cn2c(=O)on(c1ccc(Cl)c(Cl)c1)c2=O,-2.82
mol_503,Oc1ccc(cc1)c2ccccc2,-3.48
mol_504,CC1=C(CCCO1)C(=O)Nc2ccccc2 ,-2.56
mol_505,CCOC=C,-0.85
mol_506,CCC#C,-1.24
mol_507,COc1ncnc2nccnc12 ,-1.11
mol_508,CCCCC(C)(O)CC,-1.6
mol_509,Clc1ccc(Cl)cc1,-3.27
mol_510,O=C1N(COC(=O)C)C(=O)C(N1)(c2ccccc2)c3ccccc3,-4.47
mol_511,CSCS(=O)CC(CO)NC(=O)C=Cc1c(C)[nH]c(=O)[nH]c1=O,-1.981
mol_512,Cc1c[nH]c2ccccc12 ,-2.42
mol_513,COc2ncc1nccnc1n2,-1.11
mol_514,CNC(=O)Oc1ccccc1C2OCCO2,-1.57
mol_515,C1N(C(=O)NCC(C)C)C(=O)NC1,-2.15
mol_516,CC#N,0.26
mol_517,CCOC(=O)NCCOc2ccc(Oc1ccccc1)cc2,-4.7
mol_518,CC(=O)N(S(=O)c1ccc(N)cc1)c2onc(C)c2C ,-3.59
mol_519,ClCC(Cl)(Cl)Cl,-2.18
mol_520,CCCCO,0.0
mol_521,CC1CCCCC1NC(=O)Nc2ccccc2,-4.11
mol_522,Clc1cc(Cl)cc(Cl)c1,-4.48
mol_523,O=Cc1ccco1,-0.1
mol_524,CC(C)CCO,-0.51
mol_525,O=Cc2ccc1OCOc1c2 ,-1.63
mol_526,CC(=C)C,-2.33
mol_527,O=Cc1ccccc1,-1.19
mol_528,CC(=C)C(=C)C,-2.4
mol_529,CCOC(=O)CCN(SN(C)C(=O)Oc1cccc2CC(C)(C)Oc21)C(C)C,-4.71
mol_530,O2c1ccccc1N(C)C(=O)c3cccnc23 ,-3.672
mol_531,C1c2ccccc2c3ccccc13,-5.0
mol_532,CC1CCCCC1,-3.85
mol_533,NC(=N)NS(=O)(=O)c1ccc(N)cc1 ,-1.99
mol_534,COC(=O)c1ccc(O)cc1,-1.827
mol_535,CC1CCCO1,0.11
mol_536,CC3C2CCC1(C)C=CC(=O)C(=C1C2OC3=O)C,-3.09
mol_537,OCC2OC(Oc1ccccc1CO)C(O)C(O)C2O,-0.85
mol_538,CCCI,-2.29
mol_539,CCNc1nc(NC(C)C)nc(SC)n1,-3.04
mol_540,CCCO,0.62
mol_541,CC(=O)C1(O)CCC2C3CCC4=CC(=O)CCC4(C)C3CCC21C,-3.817
mol_542,CCCC(C)O,-0.29
mol_543,OC(C(=O)c1ccccc1)c2ccccc2,-2.85
mol_544,Cc1ccc(O)c(C)c1,-1.19
mol_545,Clc1cccc(c1)N(=O)=O,-2.77
mol_546,Cc2c(N)c(=O)n(c1ccccc1)n2C,-0.624
mol_547,Clc1ccc(c(Cl)c1)c2cc(Cl)ccc2Cl ,-6.57
mol_548,ClC(=C(Cl)C(=C(Cl)Cl)Cl)Cl,-4.92
mol_549,CCNc1nc(NC(C)(C)C)nc(SC)n1,-4.0
mol_550,CCC(C)CCO,-0.71
mol_551,Cc2ncc1nccnc1n2,-0.12
mol_552,CC23Cc1cnoc1C=C2CCC4C3CCC5(C)C4CCC5(O)C#C,-5.507000000000001
mol_553,CCCCI,-2.96
mol_554,Brc1ccc2ccccc2c1,-4.4
mol_555,CC1OC(CC(O)C1O)OC2C(O)CC(OC2C)OC8C(O)CC(OC7CCC3(C)C(CCC4C3CC(O)C5(C)C(CCC45O)C6=CC(=O)OC6)C7)OC8C ,-4.081
mol_556,FC(F)(F)c1ccccc1,-2.51
mol_557,CCCCCCOC(=O)c1ccccc1C(=O)OCCCCCC,-6.144
mol_558,c1ccc2c(c1)sc3ccccc23,-4.38
mol_559,Clc1ccc(c(Cl)c1)c2ccc(Cl)c(Cl)c2Cl ,-7.8
mol_560,Clc1ccc(c(Cl)c1Cl)c2ccc(Cl)c(Cl)c2Cl ,-8.01
mol_561,CC(=O)CC(c1ccccc1)c3c(O)c2ccccc2oc3=O ,-3.893
mol_562,c1ccccc1C(O)C(O)c2ccccc2,-1.93
mol_563,COC(=O)c1ccccc1C(=O)OC,-1.66
mol_564,CCCCCCCC(=O)OCC,-3.39
mol_565,CCSSCC,-2.42
mol_566,CCOCCOCC,-0.77
mol_567,Clc1cc(Cl)c(Cl)cc1Cl,-5.56
mol_568,Nc1ccc(cc1)c2ccc(N)cc2,-2.7
mol_569,CCCCCC=C,-3.73
mol_570,CCCCc1c(C)nc(NCC)[nH]c1=O,-3.028
mol_571,O=C1NC(=O)NC(=O)C1(CC)C(C)CCC,-2.39
mol_572,Nc1ccccc1Cl,-1.52
mol_573,COc1cccc(Cl)c1,-2.78
mol_574,CCCCN(CC)C(=O)SCCC,-3.53
mol_575,CCCCOC=O,-1.37
mol_576,CC12CC(O)C3C(CCC4=CC(=O)C=CC34C)C2CCC1(O)C(=O)CO,-3.18
mol_577,BrC(Cl)Cl,-1.54
mol_578,CC34CC(=O)C1C(CCC2=CC(=O)CCC12C)C3CCC4(=O) ,-3.48
mol_579,c1ccc(cc1)c2ccc(cc2)c3ccccc3,-7.11
mol_580,Oc1ccc(C=O)cc1,-0.96
mol_581,CBr,-0.79
mol_582,Cc1cc(ccc1NS(=O)(=O)C(F)(F)F)S(=O)(=O)c2ccccc2,-3.8
mol_583,CC(=O)CC(c1ccc(Cl)cc1)c2c(O)c3ccccc3oc2=O,-5.839
mol_584,CCc1ccc2ccccc2c1,-4.29
mol_585,Nc1c(C)c[nH]c(=O)n1 ,-1.4580000000000002
mol_586,Clc2c(Cl)c(Cl)c(c1ccccc1)c(Cl)c2Cl ,-7.92
mol_587,c1c(NC(=O)c2ccccc2(I))cccc1,-4.21
mol_588,Cc3cc2nc1c(=O)[nH]c(=O)nc1n(CC(O)C(O)C(O)CO)c2cc3C,-3.685
mol_589,Fc1ccccc1Br,-2.7
mol_590,Oc1ccc(Cl)cc1Cl,-1.55
mol_591,CC1(C)C(C=C(Cl)Cl)C1C(=O)OCc2cccc(Oc3ccccc3)c2,-6.291
mol_592,CN2C(=C(O)c1ccccc1S2(=O)=O)C(=O)Nc3ccccn3 ,-4.16
mol_593,O=C1N(COC(=O)CC)C(=O)C(N1)(c2ccccc2)c3ccccc3,-4.907
mol_594,C1CCCC1,-2.64
mol_595,Cc1ccccc1N,-2.21
mol_596,c1(OC)ccc(CC=C)cc1,-2.92
mol_597,CN(C)C(=O)Nc1cccc(OC(=O)NC(C)(C)C)c1 ,-2.93
mol_598,CC(C)C=C,-2.73
mol_599,Oc1ccccn1,1.02
mol_600,CC,-1.36
mol_601,Clc1ccccc1Cl,-3.05
mol_602,Sc2nc1ccccc1s2 ,-3.18
mol_603,Clc1c(Cl)c(Cl)c(c(Cl)c1Cl)c2c(Cl)c(Cl)c(Cl)c(Cl)c2Cl ,-11.6
mol_604,COc2c1occc1cc3ccc(=O)oc23 ,-3.664
mol_605,CC(=O)N,1.58
mol_606,Cc1cccc2ccccc12,-3.7
mol_607,CCN(CC)C(=O)C(C)Oc1cccc2ccccc12 ,-3.57
mol_608,CC(O)C(C)(C)C,-0.62
mol_609,CCCC(=O)OCC,-1.36
mol_610,CC2=CC(=O)c1ccccc1C2=O ,-3.03
mol_611,c1ccc2c(c1)ccc3ccccc32,-5.26
mol_612,Cc1ccnc(C)c1,0.38
mol_613,CCCCCCCCCO,-3.01
mol_614,BrCBr,-1.17
mol_615,CC1CC2C3CCC4=CC(=O)C=CC4(C)C3(F)C(O)CC2(C)C1(O)C(=O)CO,-3.59
mol_616,Cc1ccc2cc(C)ccc2c1,-4.89
mol_617,CCSC(=O)N(CC(C)C)CC(C)C,-3.68
mol_618,O=N(=O)OCC(CON(=O)=O)ON(=O)=O ,-2.22
mol_619,Nc1cccc(c1)N(=O)=O,-2.19
mol_620,CCCCCl,-2.03
mol_621,ClC(Cl)(Cl)C(NC=O)N1C=CN(C=C1)C(NC=O)C(Cl)(Cl)Cl ,-4.19
mol_622,Cn2cc(c1ccccc1)c(=O)c(c2)c3cccc(c3)C(F)(F)F,-4.445
mol_623,Nc3cc2c1ccccc1ccc2c4ccccc34 ,-6.2
mol_624,CC12CCC3C(CCc4cc(O)ccc34)C2CCC1=O,-3.955
mol_625,CCN2c1ccccc1N(C)C(=S)c3cccnc23 ,-4.706
mol_626,CC1CO1,-0.59
mol_627,O=C3CN=C(c1ccccc1)c2cc(ccc2N3)N(=O)=O,-3.796
mol_628,CCNC(=S)NCC,-1.46
mol_629,Oc1cc(Cl)cc(Cl)c1Cl,-2.67
mol_630,CCCCC(=O)OC,-1.34
mol_631,Nc1ccccc1,-0.41
mol_632,Cc1cccc2c(C)cccc12,-4.678999999999999
mol_633,NS(=O)(=O)c2cc1c(NCNS1(=O)=O)cc2Cl ,-2.63
mol_634,C1=Cc2cccc3cccc1c23,-3.96
mol_635,CCCCCOC(=O)CC,-1.28
mol_636,CCNc1nc(NC(C)C)nc(OC)n1,-2.084
mol_637,c1ccc2c(c1)cc3ccc4cccc5ccc2c3c45,-8.699
mol_638,CCBr,-1.09
mol_639,CCC#CCC,-1.99
mol_640,CC1OC(CC(O)C1O)OC2C(O)CC(OC2C)OC8C(O)CC(OC7CCC3(C)C(CCC4C3CCC5(C)C(CCC45O)C6=CC(=O)OC6)C7)OC8C ,-5.292999999999999
mol_641,CCC(=C)C,-2.73
mol_642,Oc1cccc2cccnc12 ,-2.42
mol_643,C1CCc2ccccc2C1,-4.37
mol_644,Oc1ccc(cc1)C2(OC(=O)c3ccccc23)c4ccc(O)cc4 ,-2.9
mol_645,Brc1cc(Br)cc(Br)c1,-5.6
mol_646,COP(=S)(OC)Oc1cc(Cl)c(Cl)cc1Cl,-5.72
mol_647,Cc1cc(=O)[nH]c(=S)[nH]1,-2.436
mol_648,COc1cc(CC=C)ccc1O,-1.56
mol_649,O=C1NC(=O)NC(=O)C1(C(C)C)CC=C,-1.7080000000000002
mol_650,c1cc2ccc3cccc4ccc(c1)c2c34,-6.176
mol_651,CCOC(C)OCC,-0.43
mol_652,CC1(C)CON(Cc2ccccc2Cl)C1=O,-2.338
mol_653,CCCCOCCO,-0.42
mol_654,Clc1c(Cl)c(Cl)c(N(=O)=O)c(Cl)c1Cl,-5.82
mol_655,CC12CCC(O)CC1CCC3C2CCC4(C)C3CCC4=O,-4.402
mol_656,FC(F)(F)c1cccc(c1)N2CC(CCl)C(Cl)C2=O,-4.047
mol_657,c1ccc2ncccc2c1,-1.3
mol_658,COC(=O)c1cc(O)c(O)c(O)c1 ,-1.24
mol_659,OC(Cn1cncn1)(Cn2cncn2)c3ccc(F)cc3F ,-1.8
mol_660,Clc2ccc1oc(=O)[nH]c1c2,-2.8310000000000004
mol_661,Clc1ccc(c(Cl)c1)c2c(Cl)c(Cl)c(Cl)c(Cl)c2Cl,-7.92
mol_662,O=C1NC(=O)C(=O)C(=O)N1 ,-1.25
mol_663,ClCCCCl,-1.62
mol_664,Fc1cccc(Br)c1,-2.67
mol_665,Clc1ccc(Br)cc1,-3.63
mol_666,CC(C)C(C)C,-3.65
mol_667,CCC=C,-1.94
mol_668,Clc1ccc(Cl)c(c1)c2cc(Cl)c(Cl)c(Cl)c2Cl,-7.68
mol_669,Nc1cc[nH]c(=O)n1 ,-1.155
mol_670,FC(F)(Cl)C(F)(Cl)Cl,-3.04
mol_671,CCC#N,0.28
mol_672,ClC(Cl)C(c1ccc(Cl)cc1)c2ccccc2Cl ,-6.51
mol_673,COc1ccccc1N(=O)=O,-1.96
mol_674,CC34CCC1C(CC=C2CC(O)CCC12C)C3CCC4=O,-4.12
mol_675,CC12CC2(C)C(=O)N(C1=O)c3cc(Cl)cc(Cl)c3,-4.8
mol_676,c1cc2ccc3ccc4ccc5cccc6c(c1)c2c3c4c56,-9.018
mol_677,CCC(C)c1cc(cc(N(=O)=O)c1O)N(=O)=O ,-3.38
mol_678,c1c(OC)c(OC)C2C(=O)OCC2c1,-1.899
mol_679,OCC(O)CO,1.12
mol_680,COc1ccccc1O ,-1.96
mol_681,CCOP(=S)(OCC)Oc1nc(Cl)c(Cl)cc1Cl ,-5.67
mol_682,Cc1c2ccccc2cc3ccccc13,-5.89
mol_683,Cc1cc(=O)n(c2ccccc2)n1C,0.715
mol_684,CCCCOC,-0.99
mol_685,Cc2cnc1cncnc1n2,-0.8540000000000001
mol_686,CCNc1nc(Cl)nc(NCC)n1 ,-4.55
mol_687,CN(C)C(=O)C,1.11
mol_688,CSc1nc(nc(n1)N(C)C)N(C)C,-2.676
mol_689,C=C,-0.4
mol_690,CC(C)(C)CCO,-0.5
mol_691,O=C1NC(=O)NC(=O)C1(CC)CC=C,-1.614
mol_692,Oc1ccc(Cl)c(Cl)c1Cl,-2.67
mol_693,COc1ccccc1,-1.85
mol_694,c1ccc(Cl)cc1C(c2ccc(Cl)cc2)(O)C(=O)OC(C)C,-4.53
mol_695,CC13CCC(=O)C=C1CCC4C2CCC(C(=O)CO)C2(CC(O)C34)C=O ,-3.85
mol_696,COc2ccc(Oc1ccc(NC(=O)N(C)C)cc1)cc2,-4.16
mol_697,CCc1ccc(C)cc1,-3.11
mol_698,CC(C)SC(C)C,-2.24
mol_699,O=N(=O)c1cccc(c1)N(=O)=O,-2.29
mol_700,CCOP(=S)(OCC)SCSP(=S)(OCC)OCC,-5.54
mol_701,CCC1(C(C)C)C(=O)NC(=O)NC1=O ,-2.21
mol_702,CC(=O)OCC(=O)C3(O)CCC4C2CCC1=CC(=O)CCC1(C)C2C(=O)CC34C ,-4.21
mol_703,Cc1ncc(N(=O)=O)n1CCO,-1.22
mol_704,Nc1ccc(Cl)cc1,-1.66
mol_705,CCCC(C)(C)CO,-1.52
mol_706,c1ccoc1,-0.82
mol_707,COCCCNc1nc(NC(C)C)nc(SC)n1,-2.928
mol_708,CN(C)C(=O)NC1CC2CC1C3CCCC23,-3.1710000000000003
mol_709,CC(C)(C)c1ccccc1,-3.66
mol_710,CC(=O)CCC1C(=O)N(N(C1=O)c2ccccc2)c3ccccc3,-3.27
mol_711,CC(=O)OCC(=O)C3(O)CCC4C2CCC1=CC(=O)C=CC1(C)C2C(O)CC34C ,-4.37
mol_712,CCCOC,-0.39
mol_713,CC(C)OC(=O)C,-0.55
mol_714,Brc1ccccc1,-2.55
mol_715,CCOC(=O)c1ccc(O)cc1,-2.35
mol_716,O=C1N(COC(=O)CCC)C(=O)C(N1)(c2ccccc2)c3ccccc3,-5.071000000000001
mol_717,CCC(=O)OC3CCC4C2CCC1=CC(=O)CCC1(C)C2CCC34C ,-5.37
mol_718,c1cc2ccc3ccc4ccc5ccc6ccc1c7c2c3c4c5c67,-9.332
mol_719,O=c1[nH]cnc2[nH]ncc12 ,-2.266
mol_720,ClC=C,-1.75
mol_721,CN(C)C(=O)C(c1ccccc1)c2ccccc2 ,-2.98
mol_722,BrC(Br)(Br)Br,-3.14
mol_723,CCN2c1cc(N(C)C)cc(C)c1NC(=O)c3cccnc23 ,-4.871
mol_724,O=C1NC(=O)c2ccccc12 ,-2.61
mol_725,OC(c1ccc(Cl)cc1)(c2cncnc2)c3ccccc3Cl,-4.38
mol_726,COC(=O)c1ccccc1,-1.85
mol_727,Cn1ccc(=O)[nH]c1=O,-0.807
mol_728,CCCCC1C(=O)N(N(C1=O)c2ccc(O)cc2)c3ccccc3 ,-3.73
mol_729,Clc1ccc(Cl)c(c1)c2cccc(Cl)c2Cl ,-6.47
mol_730,CCC2NC(=O)c1cc(c(Cl)cc1N2)S(N)(=O)=O,-3.29
mol_731,CN(C)C(=O)Nc1ccc(Cl)c(Cl)c1,-3.8
mol_732,C1CC=CC1,-2.1
mol_733,C1(=O)NC(=O)NC(=O)C1(O)C2(O)C(=O)NC(=O)NC2(=O),-1.99
mol_734,CCCCCCCCC,-5.88
mol_735,Oc1ccccc1Cl,-1.06
mol_736,c1cccc2c3c(C)cc4ccccc4c3ccc12,-6.59
mol_737,CCOc1ccccc1,-2.33
mol_738,CCOC(=O)C=Cc1ccccc1,-3.0
mol_739,Cc1[nH]c(=O)n(c(=O)c1Cl)C(C)(C)C,-2.484
mol_740,Clc1ccccc1C2=NCC(=O)Nc3ccc(cc23)N(=O)=O,-3.499
mol_741,Cc1ccc(cc1)S(=O)(=O)N,-1.74
mol_742,CC(OC(=O)Nc1cccc(Cl)c1)C#C,-2.617
mol_743,CCCCCC(C)C,-5.08
mol_744,CC1(C)C(C=C(Cl)C(F)(F)F)C1C(=O)OC(C#N)c2cccc(Oc3ccccc3)c2,-8.176
mol_745,CCCC1C(=O)N3N(C1=O)c2cc(C)ccc2N=C3N(C)C ,-3.5380000000000003
mol_746,CN2C(=O)CN=C(c1ccccc1)c3cc(Cl)ccc23,-3.754
mol_747,CCC(O)C(C)C,-0.7
mol_748,CCOP(=S)(OCC)Oc1ccc(cc1)S(C)=O ,-2.3
mol_749,CC1(C)C2CCC1(C)C(O)C2,-2.32
mol_750,CC12CCC3C(CCC4=CC(=O)CCC34C)C2CCC1O,-4.02
mol_751,CCCCCCC,-4.53
mol_752,Oc1cccc2ccccc12,-2.22
mol_753,C/C1CCCCC1\C,-4.3
mol_754,COc2cc1c(N)nc(nc1c(OC)c2OC)N3CCN(CC3)C(=O)OCC(C)(C)O ,-3.638
mol_755,C1Cc2c3c1cccc3cc4c2ccc5ccccc54,-7.85
mol_756,CC(=O)C3(C)CCC4C2C=C(C)C1=CC(=O)CCC1(C)C2CCC34C,-5.27
mol_757,CCCCCC(=O)C,-1.45
mol_758,COP(=O)(NC(C)=O)SC ,0.54
mol_759,CCCCSP(=O)(SCCCC)SCCCC,-5.14
mol_760,c1cC2C(=O)NC(=O)C2cc1,-2.932
mol_761,NS(=O)(=O)c2cc1c(NC(NS1(=O)=O)C(Cl)Cl)cc2Cl ,-2.68
mol_762,CC=C(C)C,-2.56
mol_763,Cc1ccc(C)c(C)c1,-3.31
mol_764,Oc1cc(Cl)c(Cl)cc1Cl,-2.21
mol_765,c1ccc2c(c1)cnc3ccccc23 ,-2.78
mol_766,CCCC(C)(O)CC,-0.98
mol_767,CCCCCCCC,-5.24
mol_768,c1ccc2cc3ccccc3cc2c1,-6.35
mol_769,NNc1ccccc1,0.07
mol_770,CCC=O,0.58
mol_771,C1CCCCCCC1,-4.15
mol_772,O=C1NC(=O)NC(=O)C1(CC=C)CC=C,-2.077
mol_773,ClC(Cl)Cl,-1.17
mol_774,Sc1nccc(=O)[nH]1 ,-2.273
mol_775,Clc1ccc(CN(C2CCCC2)C(=O)Nc3ccccc3)cc1,-5.915
mol_776,CC1=CCCCC1,-3.27
mol_777,CCCCC(CC)C=O,-2.13
mol_778,COc2c1occc1c(OC)c3c(=O)cc(C)oc23 ,-3.0210000000000004
mol_779,O=C1NC(=O)NC(=O)C1(CC)CCC(C)C,-2.658
mol_780,c1ccc2c3c(ccc2c1)c4cccc5cccc3c45,-8.0
mol_781,CCC(CC)C=O,-1.52
mol_782,CCCOCCC,-1.62
mol_783,CCCCCCCCCCCCCCO,-5.84
mol_784,Oc1c(Cl)ccc(Cl)c1Cl,-2.64
mol_785,NC(=O)N,0.96
mol_786,CCCC#C,-1.64
mol_787,Brc1cccc(Br)c1,-3.54
mol_788,CCCCCCCCCCCCCCCCCCO,-8.4
mol_789,CC(=O)Nc1ccccc1,-1.33
mol_790,c1cc(O)c(O)c2OCC3(O)CC4=CC(=O)C(O)=CC4=C3c21,-2.7
mol_791,c1nccc(C(=O)NN)c1,0.009
mol_792,OC1C=CC2C1C3(Cl)C(=C(Cl)C2(Cl)C3(Cl)Cl)Cl ,-5.46
mol_793,CC(C)CCOC=O,-1.52
mol_794,CC(=O)c1ccccc1,-1.28
mol_795,c2ccc1nc(ccc1c2)c4ccc3ccccc3n4 ,-5.4
mol_796,CCOP(=O)(OCC)OCC,0.43
mol_797,CC2(C)C1CCC(C)(C1)C2=O,-1.85
mol_798,COc2cnc1cncnc1n2,-0.91
mol_799,ClC2=C(Cl)C3(Cl)C1C=CCC1C2(Cl)C3(Cl)Cl ,-5.64
mol_800,CC(C)N(=O)=O,-0.62
mol_801,c1ccc2c(c1)[nH]c3ccccc32,-5.27
mol_802,OCC(O)C(O)CO,0.7
mol_803,CCCOC(=O)c1ccc(N)cc1,-2.452
mol_804,CNC(=O)C=C(C)OP(=O)(OC)OC,0.6509999999999999
mol_805,O=C1CCC(=O)N1,0.3
mol_806,CCC(C)C(C)C,-4.28
mol_807,CCCCc1c(C)nc(NCC)nc1OS(=O)(=O)N(C)C ,-4.16
mol_808,CCN2c1ncccc1N(C)C(=S)c3cccnc23 ,-4.634
mol_809,O2c1ccccc1N(CC)C(=O)c3ccccc23 ,-3.68
mol_810,C1CCOCC1,-0.03
mol_811,CCCCCC#C,-3.01
mol_812,c1cc2ccc(OC)c(CC=C(C)(C))c2oc1=O ,-4.314
mol_813,c1cc(C)cc2c1c3cc4cccc5CCc(c45)c3cc2,-7.92
mol_814,CCOC(=O)c1ccccc1,-2.32
mol_815,ClCC(C)C,-2.0
mol_816,CC34CCC1C(CCc2cc(O)ccc12)C3CCC4(O)C#C ,-4.3
mol_817,CCCCCCCCCCCC(=O)OC,-4.69
mol_818,CCCSCCC,-2.58
mol_819,c1ccc2cc3cc4ccccc4cc3cc2c1,-8.6
mol_820,CCCCCBr,-3.08
mol_821,CCCC/C=C/C,-3.82
mol_822,Cc1ncc(N(=O)=O)n1CCO ,-1.26
mol_823,CCCCCC1CCCC1,-6.08
mol_824,Clc1ccc(Cl)c(c1)c2c(Cl)c(Cl)cc(Cl)c2Cl ,-7.42
mol_825,O=C1NC(=O)NC(=O)C1(CC)C(C)C,-2.148
mol_826,CC(Cl)(Cl)Cl,-2.0
mol_827,CON(C)C(=O)Nc1ccc(Cl)cc1,-2.57
mol_828,O=C2NC(=O)C1(CCCCC1)C(=O)N2,-3.06
mol_829,CN(C)C(=O)OC1=CC(=O)CC(C)(C)C1 ,-0.85
mol_830,Cc1ccc(Br)cc1,-3.19
mol_831,CCOCC,-0.09
mol_832,CC(C)NC(=O)N1CC(=O)N(C1=O)c2cc(Cl)cc(Cl)c2,-4.376
mol_833,CCCCN(CC)c1c(cc(cc1N(=O)=O)C(F)(F)F)N(=O)=O,-5.53
mol_834,Cc1cc(C)c(O)c(C)c1,-2.05
mol_835,c1ccccc1,-1.64
mol_836,Clc1ccc(I)cc1,-4.03
mol_837,COc1ccc(NC(=O)N(C)C)cc1Cl,-2.564
mol_838,CC(C)N(C(=O)CCl)c1ccccc1 ,-2.48
mol_839,C=Cc1ccccc1,-2.82
mol_840,COCOC,0.48
mol_841,Cc1ccccc1C,-2.8
mol_842,CCC(C)O,0.47
mol_843,Oc1ccc(O)cc1,-0.17
mol_844,CC34CCC1C(CCc2cc(O)ccc12)C3CC(O)C4O ,-4.955
mol_845,C1c2ccccc2c3cc4ccccc4cc13,-8.04
mol_846,O=C1CNC(=O)N1 ,-0.4
mol_847,c1(O)cc(O)ccc1CCCCCC,-2.59
mol_848,C=CCS(=O)SCC=C,-0.83
mol_849,CCOP(=S)(OCC)Oc2ccc1oc(=O)c(Cl)c(C)c1c2,-5.382000000000001
mol_850,Cc1c(C)c2c3ccccc3ccc2c4ccccc14,-7.01
mol_851,CCCCC(=O)OC3(C(C)CC4C2CCC1=CC(=O)C=CC1(C)C2(F)C(O)CC34C)C(=O)CO,-4.71
mol_852,O=c2[nH]c(=O)c1[nH]c(=O)[nH]c1[nH]2 ,-3.93
mol_853,Oc1c(Cl)cc(Cl)c(Cl)c1Cl,-3.1
mol_854,Clc1cccc(Cl)c1,-3.04
mol_855,Clc1ccc(cc1)C(c2ccc(Cl)cc2)C(Cl)(Cl)Cl,-7.15
mol_856,CC(C)COC=O,-1.01
mol_857,c1ccccc1SC,-2.39
mol_858,CCN2c1nc(C)cc(C(F)(F)F)c1NC(=O)c3cccnc23 ,-4.207
mol_859,CCCCCC,-3.84
mol_860,COC(=O)c1cccnc1 ,-0.46
mol_861,NS(=O)(=O)c3cc2c(NC(Cc1ccccc1)NS2(=O)=O)cc3C(F)(F)F,-3.59
mol_862,Clc1ccc(cc1Cl)c2cc(Cl)c(Cl)c(Cl)c2Cl ,-7.82
mol_863,CC1(OC(=O)N(C1=O)c2cc(Cl)cc(Cl)c2)C=C,-4.925
mol_864,CCNc1nc(Cl)nc(NC(C)(C)C#N)n1,-3.15
mol_865,c1ccc2c(c1)c3ccccc3c4ccccc24,-6.726
mol_866,CC=C(C(=CC)c1ccc(O)cc1)c2ccc(O)cc2,-4.95
mol_867,CCCCC(CC)COC(=O)c1ccccc1C(=O)OCC(CC)CCCC,-6.96
mol_868,CCc1ccccn1,0.51
mol_869,COP(=O)(OC)OC(Br)C(Cl)(Cl)Br,-2.28
mol_870,c1ccc(cc1)c2ccccc2,-4.345
mol_871,Clc1cc(Cl)c(c(Cl)c1)c2c(Cl)cc(Cl)cc2Cl ,-8.71
mol_872,CN(C)c1nc(nc(n1)N(C)C)N(C)C,-3.364
mol_873,CC(C)CC(C)(C)O,-0.92
mol_874,O=C2NC(=O)C1(CCCCCC1)C(=O)N2 ,-3.168
mol_875,OCC1OC(O)(CO)C(O)C1O,0.64
mol_876,Cc1cc(C)cc(O)c1,-1.4
mol_877,ClCC#CCOC(=O)Nc1cccc(Cl)c1,-4.37
mol_878,CC(=O)Nc1ccc(Cl)cc1,-2.843
mol_879,Clc1ccc(Cl)c(c1)c2c(Cl)c(Cl)c(Cl)c(Cl)c2Cl,-8.94
mol_880,CCC(C)(C)C,-3.55
mol_881,CNc1ccccc1,-1.28
mol_882,C=CCC=C,-2.09
mol_883,CC(=O)OCC(=O)C1(O)CCC2C3CCC4=CC(=O)CCC4(C)C3C(O)CC21C,-4.88
mol_884,Cc1cc(cc(N(=O)=O)c1O)N(=O)=O,-1.456
mol_885,OC3N=C(c1ccccc1Cl)c2cc(Cl)ccc2NC3=O,-3.604
mol_886,Oc1cccc(Cl)c1,-0.7
mol_887,Clc1cccc(Br)c1,-3.21
mol_888,NS(=O)(=O)c2cc1c(N=CNS1(=O)=O)cc2Cl ,-3.05
mol_889,O=C1NC(=O)NC(=O)C1(C)CC,-1.228
mol_890,OCCOc1ccccc1,-0.7
mol_891,C(c1ccccc1)c2ccccc2,-4.08
mol_892,CCCCCC(O)CC,-1.98
mol_893,CCN(Cc1c(F)cccc1Cl)c2c(cc(cc2N(=O)=O)C(F)(F)F)N(=O)=O,-6.78
mol_894,CC(C)Nc1nc(Cl)nc(NC(C)C)n1,-4.43
mol_895,CCCC(C)CO,-1.11
mol_896,CCCCC(C)(C)O,-1.08
mol_897,CCc1ccccc1,-2.77
mol_898,O=C1NC(=O)NC(=O)C1(CC)CC=C(C)C,-2.253
mol_899,ClC1C=CC2C1C3(Cl)C(=C(Cl)C2(Cl)C3(Cl)Cl)Cl,-6.317
mol_900,CCC(C)C1(CC(Br)=C)C(=O)NC(=O)NC1=O ,-2.647
mol_901,CC1(C)C(C(=O)OC(C#N)c2cccc(Oc3ccccc3)c2)C1(C)C,-6.025
mol_902,COC(C)(C)CCCC(C)CC=CC(C)=CC(=O)OC(C)C,-5.19
mol_903,CCOC(=O)CC,-0.66
mol_904,CSc1nc(NC(C)C)nc(NC(C)C)n1,-4.1
mol_905,CC(C#C)N(C)C(=O)Nc1ccc(Cl)cc1,-3.9
mol_906,Cc1cc2ccccc2cc1C,-4.72
mol_907,Clc1ccc(cc1)c2cc(Cl)ccc2Cl ,-6.25
mol_908,Clc1ccc(c(Cl)c1)c2cc(Cl)c(Cl)c(Cl)c2Cl ,-7.39
mol_909,NC(N)=NC#N ,-0.31
mol_910,ClC(Cl)(Cl)N(=O)=O,-2.0
mol_911,Clc1cccc(Cl)c1c2ccccc2 ,-5.21
mol_912,COc1ccc(C=O)cc1,-1.49
mol_913,CC(=O)Nc1ccc(cc1)N(=O)=O,-2.692
mol_914,CCCCCCC(=O)OCC,-2.74
mol_915,CC(=O)Nc1ccc(O)cc1,-1.03
mol_916,c2ccc1[nH]ncc1c2 ,-2.16
mol_917,CC5(C)OC4CC3C2CCC1=CC(=O)C=CC1(C)C2(F)C(O)CC3(C)C4(O5)C(=O)CO ,-4.31
mol_918,Nc2nc1[nH]cnc1c(=O)[nH]2 ,-3.583
mol_919,COC(=O)C,0.46
mol_920,CC34CCC1C(CCC2CC(=O)CCC12C)C3CCC4O ,-4.743
mol_921,CCCC(O)C=C,-0.59
mol_922,OC(C1=CC2C5C(C1C2=C(c3ccccc3)c4ccccn4)C(=O)NC5=O)(c6ccccc6)c7ccccn7 ,-3.931
mol_923,CCCCOCCCC,-1.85
mol_924,CCCCCCCCCCCCO,-4.8
mol_925,CCN2c1nc(N(C)(CCO))ccc1NC(=O)c3cccnc23 ,-3.36
mol_926,CCCC(C)(C)O,-0.49
mol_927,Nc1nc(=O)[nH]cc1F,-0.972
mol_928,CCCCOc1ccc(C(=O)OCC)c(c1)N(CC)CC ,-3.84
mol_929,CCCCCC(C)(C)O,-1.72
mol_930,Cc1c(C)c(C)c(C)c(C)c1C,-5.23
mol_931,CC(C)c1ccc(C)cc1O,-2.22
mol_932,c2cnc1ncncc1n2,0.02
mol_933,CCOP(=S)(OCC)Oc1ccc(cc1)N(=O)=O,-4.66
mol_934,C,-0.9
mol_935,c2ccc1NCCc1c2 ,-1.04
mol_936,O=N(=O)c1cccc2ccccc12,-3.54
mol_937,CCC(C)C(=O)C,-0.67
mol_938,Nc1nc(O)nc2nc[nH]c12 ,-3.401
mol_939,OC(CC(c1ccccc1)c3c(O)c2ccccc2oc3=O)c4ccc(cc4)c5ccc(Br)cc5 ,-4.445
mol_940,CN(=O)=O,0.26
mol_941,CC(C)N(C(C)C)C(=O)SCC(Cl)=C(Cl)Cl,-4.88
mol_942,C=CCCC=C,-2.68
mol_943,c2ccc1[nH]ccc1c2,-1.52
mol_944,CC34CCC1C(CCC2=CC(=O)CCC12C)C3CCC4=O,-3.69
mol_945,CCCCC=C,-3.23
mol_946,Cc1cccc(C)c1NC(=O)c2cc(c(Cl)cc2O)S(N)(=O)=O,-3.79
mol_947,CCC1CCCCC1,-4.25
mol_948,CCCCCCCC(=O)C,-2.58
mol_949,COC(=O)Nc2nc1ccc(cc1[nH]2)C(=O)c3ccccc3,-3.88
mol_950,CC(C)OC(=O)Nc1cccc(Cl)c1,-3.38
mol_951,CCN2c1nc(Cl)ccc1N(C)C(=O)c3cccnc23 ,-4.114
mol_952,CNC(=O)Oc1cccc2ccccc12,-3.224
mol_953,C#C,0.29
mol_954,Cc1cncc(C)c1,0.38
mol_955,C1C=CCC=C1,-2.06
mol_956,CCOC(=O)N(C)C(=O)CSP(=S)(OCC)OCC,-2.518
mol_957,CC(O)c1ccccc1,-0.92
mol_958,CC(Cl)CCl,-1.6
mol_959,CCCC=C(CC)C=O,-2.46
mol_960,CCOP(=S)(OCC)SCCSCC,-4.23
mol_961,CC(=O)OC3(C)CCC4C2CCC1=CC(=O)CCC1(C)C2CCC34C ,-5.284
mol_962,Clc1ccc(cc1)c2c(Cl)cccc2Cl ,-6.14
mol_963,Fc1cccc(F)c1C(=O)NC(=O)Nc2ccc(Cl)cc2,-6.02
mol_964,Oc1cc(Cl)ccc1Oc2ccc(Cl)cc2Cl,-4.46
mol_965,c1(C(=O)OCCCCCC(C)(C))c(C(=O)OCCCCCC(C)(C))cccc1,-6.6370000000000005
mol_966,CC12CC(O)C3C(CCC4=CC(=O)CCC34C)C2CCC1C(=O)CO,-3.24
mol_967,Cc1cc(C)cc(C)c1,-3.4
mol_968,CCCCCCCCOC(=O)c1ccccc1C(=O)OCCCCCCCC ,-5.115
mol_969,CCCCCCCCCCCCCCCO,-6.35
mol_970,Clc1cccc(Cl)c1c2c(Cl)cccc2Cl ,-7.39
mol_971,O=C1NC(=O)NC(=O)C1(C)C,-1.742
mol_972,CC(C)I,-2.09
mol_973,O=N(=O)c1ccccc1N(=O)=O,-3.1
mol_974,CC(C)C(=O)C,-0.12
mol_975,CCCCCCCCCCCCCCCC,-8.4
mol_976,CC12CCC(CC1)C(C)(C)O2,-1.74
mol_977,Cc2cccc3sc1nncn1c23 ,-2.07
mol_978,CCCCCCC(=O)C,-2.05
mol_979,CCCCCCCCC(=O)OC,-3.38
mol_980,Fc1ccc(F)cc1,-1.97
mol_981,O=C1N(C2CCC(=O)NC2=O)C(=O)c3ccccc13,-2.676
mol_982,CCCN(CCC)c1c(cc(cc1N(=O)=O)C(F)(F)F)N(=O)=O,-5.68
mol_983,CCO,1.1
mol_984,O=C2NC(=O)C1(CCCC1)C(=O)N2,-2.349
mol_985,c1c(NC(=O)OC(C)C(=O)NCC)cccc1,-1.83
mol_986,CC(C)=CC3C(C(=O)OCc2cccc(Oc1ccccc1)c2)C3(C)C ,-5.24
mol_987,CN(C)C(=O)NC1CCCCCCC1,-2.218
mol_988,ClC1(C2(Cl)C3(Cl)C4(Cl)C5(Cl)C1(Cl)C3(Cl)Cl)C5(Cl)C(Cl)(Cl)C24Cl,-6.8
mol_989,CCCCCCCCBr,-5.06
mol_990,CCCCNC(=O)n1c(NC(=O)OC)nc2ccccc12,-4.883
mol_991,CN(C)c2c(C)n(C)n(c1ccccc1)c2=O ,-0.364
mol_992,CCC(O)CC,-0.24
mol_993,Cc1ccc(cc1)N(=O)=O,-2.49
mol_994,CC(C)CCCO,-1.14
mol_995,CC34CCC1C(CCC2=CC(=O)CCC12O)C3CCC4(O)C#C,-4.57
mol_996,CC(C)OC(=O)C(O)(c1ccc(Br)cc1)c2ccc(Br)cc2 ,-4.93
mol_997,Nc2cnn(c1ccccc1)c(=O)c2Cl,-2.878
mol_998,CCC(C)(C)O,0.15
mol_999,Cc1ccc(O)cc1,-0.73
